{
    "input_dim": 200,
    "hidden_dims": [
        2048,
        1024,
        512,
        256,
        128
    ],
    "output_dim": 3,
    "dropout_rates": [
        0.4,
        0.4,
        0.3,
        0.3,
        0.2
    ],
    "batch_norm": true,
    "regularization_info": "Regularization: BN",
    "learning_rate": 0.001,
    "batch_size": 128,
    "performance": {
        "train_acc": 0.8928530318339366,
        "test_acc": 0.8187445643832814,
        "train_loss": 0.2776111484119745,
        "test_loss": 0.5008154688875175,
        "overfitting_metric": 0.0772291509314963
    },
    "learning_curves": {
        "train_losses": [
            0.8211859297312971,
            0.7367849315601925,
            0.698277838041501,
            0.6660211890360717,
            0.6368626134811559,
            0.6121146775420857,
            0.5896145344811193,
            0.5671793741272204,
            0.5491188442798389,
            0.5287807681845111,
            0.5097859614294452,
            0.4928068149318056,
            0.47553750153196966,
            0.45940056952263253,
            0.445486208609005,
            0.4283458517048958,
            0.4157890393406266,
            0.40379252217403466,
            0.38874807017306645,
            0.379173397579541,
            0.3685420813198773,
            0.3577388297947835,
            0.3507464386419188,
            0.3417505263772987,
            0.333029710148119,
            0.32523864447717565,
            0.31854614480354704,
            0.31222073611051704,
            0.30915570468774334,
            0.30046235648995095,
            0.29483883599977195,
            0.2861290284432435,
            0.2844716980661703,
            0.2776111484119745
        ],
        "val_losses": [
            0.7335106604799515,
            0.6972071764419993,
            0.668216274935077,
            0.6433175197615857,
            0.6478544698747313,
            0.610731897271429,
            0.6006804586627779,
            0.5875466137662497,
            0.5812206559061193,
            0.5693781257480736,
            0.56622957379036,
            0.5487253250182667,
            0.5469707686797295,
            0.5433574433417468,
            0.5368091819972073,
            0.5313760482006172,
            0.5204872514635375,
            0.5175792245634463,
            0.5231666647241983,
            0.5139487634237181,
            0.5120169594232131,
            0.5134578120612717,
            0.5313655610931507,
            0.5128199532037258,
            0.5262410742151479,
            0.5008154688875175,
            0.5142691139309596,
            0.5173478366490453,
            0.5013455360458532,
            0.526584910135559,
            0.5324855505590727,
            0.5194359231270835,
            0.5119109823465067,
            0.5341284890845589
        ],
        "train_accs": [
            0.6257498049547878,
            0.6754255822579202,
            0.6971299576655966,
            0.714754370931229,
            0.7292836405028968,
            0.7424699758271835,
            0.7538209676800491,
            0.763969713635259,
            0.7731400360673769,
            0.7834166805223375,
            0.7913847570567997,
            0.7996725798406384,
            0.8078133193497641,
            0.8150971389105606,
            0.8209101257242253,
            0.8285968255592362,
            0.834122040748462,
            0.8403443027613287,
            0.8459206773504547,
            0.8499622699425736,
            0.8552508729072608,
            0.8591261974497039,
            0.8616394029698031,
            0.8655850716871091,
            0.8692557586299513,
            0.8732014273472573,
            0.8756314988425186,
            0.8781127297376802,
            0.8789632547610217,
            0.883215879877729,
            0.885991277322317,
            0.8889009681916431,
            0.8901607684141865,
            0.8928530318339366
        ],
        "val_accs": [
            0.678211490254259,
            0.6961426305826981,
            0.7134854453368803,
            0.7262239729881823,
            0.7218243208676524,
            0.7408297948534301,
            0.7468921062055558,
            0.7568936409679234,
            0.7593748401289201,
            0.7667416994935284,
            0.7699902798383383,
            0.7795313858904179,
            0.7815521563411265,
            0.7853123241418121,
            0.7885353251138282,
            0.7934721440630276,
            0.7958254463600553,
            0.8025016626592316,
            0.8031667263518698,
            0.8058014017496291,
            0.809049982094439,
            0.8095615695503147,
            0.8024249245408502,
            0.8139612216708446,
            0.8083849184018008,
            0.8187445643832814,
            0.8156494602752341,
            0.8167493733053666,
            0.8214559778994219,
            0.8164935795774287,
            0.8153680871745025,
            0.8209188110707526,
            0.8208164935795774,
            0.8156238809024403
        ],
        "epochs": [
            1,
            2,
            3,
            4,
            5,
            6,
            7,
            8,
            9,
            10,
            11,
            12,
            13,
            14,
            15,
            16,
            17,
            18,
            19,
            20,
            21,
            22,
            23,
            24,
            25,
            26,
            27,
            28,
            29,
            30,
            31,
            32,
            33,
            34
        ]
    }
}